구,동,단지명,지번주소,도로명주소,지상층(고),동수,세대수,관리사무소,데이터기준일자
분당구,구미동,까치마을건영빌라5단지,성남시 분당구 구미동 12,"경기도 성남시 분당구 미금일로 136 (구미동, 까치마을건영빌라)",4,9,208,031-717-0912,2024-07-05
분당구,구미동,"까치마을건영빌라3,6단지",성남시 분당구 구미동 13,"경기도 성남시 분당구 미금일로 122 (구미동, 까치마을건영빌라)",4,16,332,031-716-1021,2024-07-05
분당구,구미동,까치마을4단지롯데선경,성남시 분당구 구미동 63,"경기도 성남시 분당구 미금일로 58 (구미동, 까치마을)",22,16,1124,031-715-6697,2024-07-05
분당구,구미동,하얀마을그랜드빌라,성남시 분당구 구미동 111,"경기도 성남시 분당구 미금로 114 (구미동, 하얀마을그랜드빌)",4,37,324,031-717-4553,2024-07-05
분당구,구미동,하얀마을 화이트빌,성남시 분당구 구미동 121,"경기도 성남시 분당구 금곡로 39 (구미동, 화이트빌)",4,18,192,031-716-0407,2024-07-05
분당구,구미동,까치마을신원,성남시 분당구 구미동 66,"경기도 성남시 분당구 미금로 177 (구미동, 까치마을)",25,14,882,031-715-3339,2024-07-05
분당구,구미동,까치마을1단지대우,성남시 분당구 구미동 77,"경기도 성남시 분당구 미금로 184 (구미동, 까치마을)",25,16,976,031-715-6278,2024-07-05
분당구,구미동,까치마을주공2단지,성남시 분당구 구미동 88,"경기도 성남시 분당구 미금일로 22 (구미동, 까치마을)",25,9,768,031-715-0403,2024-07-05
분당구,구미동,하얀마을 주공5단지,성남시 분당구 구미동 110,"경기도 성남시 분당구 미금일로 21 (구미동, 하얀마을)",21,7,779,031-717-3403,2024-07-05
분당구,구미동,하얀마을 주공6단지,성남시 분당구 구미동 112,"경기도 성남시 분당구 미금일로 57 (구미동, 하얀마을주공6단지아파트)",21,14,1489,031-717-1216,2024-07-05
분당구,구미동,무지개마을신한건영,성남시 분당구 구미동 201,경기도 성남시 분당구 미금로 63 (구미동),20,12,964,031-715-3594,2024-07-05
분당구,구미동,무지개마을LG,성남시 분당구 구미동 202,"경기도 성남시 분당구 구미로 50 (구미동, 무지개마을)",20,14,888,031-717-0903,2024-07-05
분당구,구미동,무지개마을대림,성남시 분당구 구미동 211,"경기도 성남시 분당구 미금로 23 (구미동, 무지개마을)",27,11,778,031-718-2137,2024-07-05
분당구,구미동,무지개마을주공12단지,성남시 분당구 구미동 212,"경기도 성남시 분당구 미금로22번길 10 (구미동, 무지개마을)",25,9,905,031-715-2283,2024-07-05
분당구,구미동,무지개마을금강,성남시 분당구 구미동 213,경기도 성남시 분당구 미금로22번길 9 (구미동),19,3,216,031-717-4609,2024-07-05
분당구,구미동,무지개마을주공4단지,성남시 분당구 구미동 220,"경기도 성남시 분당구 미금로 66 (구미동, 무지개마을)",25,5,563,031-717-1467,2024-07-05
분당구,구미동,무지개마을청구,성남시 분당구 구미동 221,"경기도 성남시 분당구 무지개로 144 (구미동, 무지개마을)",23,13,932,031-718-0735,2024-07-05
분당구,구미동,무지개마을삼성건영,성남시 분당구 구미동 222,"경기도 성남시 분당구 구미로 100 (구미동, 무지개마을건영,삼성아파트)",19,8,498,031-717-5244,2024-07-05
분당구,구미동,무지개마을건영6단지(건영3차),성남시 분당구 구미동 225,"경기도 성남시 분당구 구미로 115 (구미동, 무지개마을)",16,4,208,031-717-4847,2024-07-05
분당구,구미동,무지개마을라이프,성남시 분당구 구미동 242,"경기도 성남시 분당구 구미로 143 (구미동, 무지개마을라이프아파트)",19,4,222,031-717-8621,2024-07-05
분당구,구미동,무지개마을제일,성남시 분당구 구미동 243,"경기도 성남시 분당구 구미로144번길 7 (구미동, 무지개마을제일아파트)",18,3,172,031-715-2939,2024-07-05
분당구,금곡동,청솔마을주공5단지 공무원,성남시 분당구 금곡동 125,"경기도 성남시 분당구 금곡로 263 (금곡동, 청솔마을공무원아파트)",20,8,474,031-714-4069,2024-07-05
분당구,금곡동,청솔마을주공6단지,성남시 분당구 금곡동 126,"경기도 성남시 분당구 미금로 246 (금곡동, 청솔마을주공6단지아파트)",20,9,1250,031-713-1038,2024-07-05
분당구,금곡동,청솔마을동아,성남시 분당구 금곡동 132,"경기도 성남시 분당구 금곡로 233 (금곡동, 청솔마을)",18,4,204,031-712-7201,2024-07-05
분당구,금곡동,청솔마을주공9단지,성남시 분당구 금곡동 133,"경기도 성남시 분당구 금곡로 233 (금곡동, 청솔마을)",20,6,1020,031-717-6261,2024-07-05
분당구,금곡동,청솔마을대원,성남시 분당구 금곡동 141,"경기도 성남시 분당구 미금로 215 (금곡동, 청솔마을)",25,14,820,031-713-1379,2024-07-05
분당구,금곡동,청솔마을성원,성남시 분당구 금곡동 143,"경기도 성남시 분당구 미금로 251 (금곡동, 청솔마을)",25,9,454,031-713-8476,2024-07-05
분당구,금곡동,청솔마을계룡,성남시 분당구 금곡동 176,경기도 성남시 분당구 정자일로 30 (금곡동),24,6,492,031-719-1351,2024-07-05
분당구,금곡동,청솔마을서광영남,성남시 분당구 금곡동 177,"경기도 성남시 분당구 성남대로171번길 8 (금곡동, 청솔마을)",21,6,408,031-718-2555,2024-07-05
분당구,금곡동,청솔마을화인,성남시 분당구 금곡동 180,"경기도 성남시 분당구 정자일로 46 (금곡동, 청솔마을화인아파트)",25,8,624,031-716-9155,2024-07-05
분당구,금곡동,청솔마을한라,성남시 분당구 금곡동 181,"경기도 성남시 분당구 정자일로 72 (금곡동, 청솔마을한라아파트)",22,10,768,031-714-8955,2024-07-05
분당구,금곡동,분당 두산위브 트레지움,성남시 분당구 금곡동 192,"경기도 성남시 분당구 정자일로 55 (금곡동, 분당두산위브아파트)",20,9,656,031-713-9929,2024-07-05
분당구,금곡동,코오롱더프라우,성남시 분당구 금곡동 201,"경기도 성남시 분당구 정자일로 27 (금곡동, 코오롱더프라우아파트)",33,1,164,031-726-3843,2024-07-05
분당구,금곡동,분당하우스토리,성남시 분당구 금곡동 202,"경기도 성남시 분당구 정자일로 15 (금곡동, 분당하우스토리)",20,3,212,031-718-8131,2024-07-05
분당구,대장동,판교퍼스트힐푸르지오 1단지,성남시 분당구 대장동 50,경기도 성남시 분당구 판교대장로7길 69 (대장동),20,10,529,031-726-0529,2024-07-05
분당구,대장동,판교퍼스트힐푸르지오 2단지,성남시 분당구 대장동 54,경기도 성남시 분당구 판교대장로7길 57 (대장동),20,8,445,031-726-0445,2024-07-05
분당구,대장동,더샵판교포레스트12단지,성남시 분당구 대장동 287,경기도 성남시 분당구 판교대장로5길 30 (대장동),20,9,542,031-719-9566,2024-07-05
분당구,대장동,판교풍경채어바니티5단지아파트,성남시 분당구 대장동 299,경기도 성남시 분당구 판교대장로5길 20 (대장동),20,8,589,031-711-2008,2024-07-05
분당구,대장동,더샵판교포레스트11단지,성남시 분당구 대장동 181-1,경기도 성남시 분당구 판교대장로5길 58 (대장동),20,7,448,031-719-9605,2024-07-05
분당구,대장동,힐스테이트 판교 엘포레 4단지,성남시 분당구 대장동 260-3,경기도 성남시 분당구 판교대장로5길 19 (대장동),20,5,251,031-712-7392,2024-07-05
분당구,대장동,힐스테이트 판교 엘포레 6단지,성남시 분당구 대장동 산19-2,경기도 성남시 분당구 판교대장로7길 16 (대장동),20,8,464,031-713-7392,2024-07-05
분당구,대장동,판교 풍경채 어바니티7단지,성남시 분당구 대장동 산27-8,,20,7,444,031-719-9023,2024-07-05
분당구,백현동,더샵판교퍼스트파크,성남시 분당구 백현동 516,경기도 성남시 분당구 판교백현로 38 (백현동),25,15,1223,031-705-6306,2024-07-05
분당구,백현동,백현마을9단지,성남시 분당구 백현동 525,"경기도 성남시 분당구 판교역로 49 (백현동, 백현마을 아파트)",10,15,348,031-8017-3008,2024-07-05
분당구,백현동,알파리움2단지,성남시 분당구 백현동 530,"경기도 성남시 분당구 판교역로 145 (백현동, 알파리움2단지)",20,6,514,031-709-9079,2024-07-05
분당구,백현동,알파리움1단지,성남시 분당구 백현동 531,"경기도 성남시 분당구 대왕판교로606번길 10 (백현동, 알파리움1단지)",19,5,417,031-705-7949,2024-07-05
분당구,백현동,백현마을1단지 판교푸르지오그랑블,성남시 분당구 백현동 542,"경기도 성남시 분당구 동판교로 123 (백현동, 백현마을1단지판교푸르지오그랑블아파트)",25,14,948,,2024-07-05
분당구,백현동,백현마을2단지,성남시 분당구 백현동 545,"경기도 성남시 분당구 동판교로 122 (백현동, 백현마을2단지아파트)",25,13,772,031-8016-7009,2024-07-05
분당구,백현동,백현마을3단지,성남시 분당구 백현동 546,"경기도 성남시 분당구 동판교로 92 (백현동, 백현마을3단지)",25,23,1722,031-8016-2175,2024-07-05
분당구,백현동,백현마을4단지,성남시 분당구 백현동 553,"경기도 성남시 분당구 동판교로 91 (백현동, 백현마을4단지)",25,20,1974,031-8016-2311,2024-07-05
분당구,백현동,백현마을5단지,성남시 분당구 백현동 554,"경기도 성남시 분당구 판교역로 102 (백현동, 백현마을5단지아파트)",22,11,584,031-8016-0450,2024-07-05
분당구,백현동,백현마을6단지,성남시 분당구 백현동 555,"경기도 성남시 분당구 판교역로 100 (백현동, 백현마을6단지아파트)",22,6,396,031-8016-1231,2024-07-05
분당구,백현동,백현마을8단지,성남시 분당구 백현동 558,"경기도 성남시 분당구 판교역로 72 (백현동, 백현마을8단지아파트)",22,6,340,031-709-1775,2024-07-05
분당구,백현동 ,백현마을7단지,성남시 분당구 백현동  556,"경기도 성남시 분당구 판교역로 98 (백현동, 백현마을7단지아파트)",24,7,464,031-8016-0173,2024-07-05
분당구,분당동,샛별마을라이프,성남시 분당구 분당동 34,"경기도 성남시 분당구 분당로 190 (분당동, 샛별마을라이프아파트)",25,9,796,031-701-4724,2024-07-05
분당구,분당동,샛별마을동성,성남시 분당구 분당동 35,"경기도 성남시 분당구 분당로 212 (분당동, 샛별마을동성아파트)",20,9,582,031-701-6001,2024-07-05
분당구,분당동,샛별마을우방,성남시 분당구 분당동 38,"경기도 성남시 분당구 수내로 181 (분당동, 샛별마을)",20,12,811,031-702-6976,2024-07-05
분당구,분당동,샛별마을삼부,성남시 분당구 분당동 39,"경기도 성남시 분당구 수내로 201 (분당동, 샛별마을삼부아파트)",25,14,588,031-701-4717,2024-07-05
분당구,분당동,장안타운건영2차,성남시 분당구 분당동 68,"경기도 성남시 분당구 장안로51번길 31 (분당동, 68건영아파트)",20,27,1688,031-702-4017,2024-07-05
분당구,분당동,장안타운두산건영,성남시 분당구 분당동 95,"경기도 성남시 분당구 장안로 67 (분당동, 장안타운두산건영빌라)",4,10,224,031-703-4137,2024-07-05
분당구,분당동,장안타운한신라이프,성남시 분당구 분당동 96,"경기도 성남시 분당구 분당로263번길 68 (분당동, 장안타운한신,라이프빌라)",4,10,264,031-702-2355,2024-07-05
분당구,삼평동,성남판교 경기행복주택,성남시 분당구 삼평동 700,"경기도 성남시 분당구 판교로319번길 14 (삼평동, 성남판교 경기행복주택)",8,3,300,031-8039-6114,2024-07-05
분당구,삼평동,봇들마을1단지 판교신미주,성남시 분당구 삼평동 705,"경기도 성남시 분당구 동판교로 275 (삼평동, 봇들마을1단지)",15,25,1147,031-702-2626,2024-07-05
분당구,삼평동,봇들마을2단지이지더원,성남시 분당구 삼평동 717,"경기도 성남시 분당구 판교로 393 (삼평동, 봇들마을2단지이지더원아파트)",15,16,721,031-703-0130,2024-07-05
분당구,삼평동,봇들마을4단지,성남시 분당구 삼평동 718,"경기도 성남시 분당구 동판교로 226 (삼평동, 봇들마을4단지아파트)",18,12,748,031-8016-2207,2024-07-05
분당구,삼평동,봇들마을3단지,성남시 분당구 삼평동 722,"경기도 성남시 분당구 동판교로 225 (삼평동, 봇들마을3단지아파트)",18,12,870,031-8016-5031,2024-07-05
분당구,삼평동,봇들마을5단지,성남시 분당구 삼평동 726,"경기도 성남시 분당구 대왕판교로644번길 65 (삼평동, 봇들마을5단지아파트)",17,9,775,031-8016-7142,2024-07-05
분당구,삼평동,봇들마을6단지,성남시 분당구 삼평동 728,"경기도 성남시 분당구 동판교로 212 (삼평동, 봇들마을6단지아파트)",20,13,1297,031-8017-3050,2024-07-05
분당구,삼평동,봇들마을7단지,성남시 분당구 삼평동 738,"경기도 성남시 분당구 동판교로 155 (삼평동, 봇들마을7단지아파트)",22,11,585,031-8016-3315,2024-07-05
분당구,삼평동,판교호반써밋플레이스,성남시 분당구 삼평동 740,"경기도 성남시 분당구 동판교로177번길 25 (삼평동, 판교 호반 써밋 플레이스)",18,3,178,031-8016-3938,2024-07-05
분당구,삼평동,봇들마을8단지,성남시 분당구 삼평동 742,"경기도 성남시 분당구 동판교로 153 (삼평동, 봇들마을8단지아파트)",22,7,447,031-8016-1333,2024-07-05
분당구,삼평동,봇들마을9단지금호어울림,성남시 분당구 삼평동 744,"경기도 성남시 분당구 동판교로 156 (삼평동, 봇들마을9단지금호어울림아파트)",24,14,850,031-708-2993,2024-07-05
분당구,서현동,시범단지삼성한신,성남시 분당구 서현동 87,"경기도 성남시 분당구 중앙공원로 53 (서현동, 시범단지삼성.한신아파트)",28,33,1781,031-701-8295,2024-07-05
분당구,서현동,시범단지한양,성남시 분당구 서현동 91,"경기도 성남시 분당구 중앙공원로 17 (서현동, 한양아파트)",30,32,2419,031-701-8050,2024-07-05
분당구,서현동,시범단지현대,성남시 분당구 서현동 92,"경기도 성남시 분당구 중앙공원로 20 (서현동, 현대아파트)",30,29,1695,031-701-8061,2024-07-05
분당구,서현동,시범단지우성,성남시 분당구 서현동 96,"경기도 성남시 분당구 중앙공원로 54 (서현동, 시범단지우성아파트)",30,29,1874,031-701-8270,2024-07-05
분당구,서현동,효자촌동아,성남시 분당구 서현동 291,"경기도 성남시 분당구 돌마로486번길 7 (서현동, 효자촌)",19,15,648,031-701-7865,2024-07-05
분당구,서현동,효자촌임광,성남시 분당구 서현동 292,"경기도 성남시 분당구 불정로 397 (서현동, 효자촌임광아파트)",22,14,732,031-701-7651,2024-07-05
분당구,서현동,효자촌현대,성남시 분당구 서현동 300,"경기도 성남시 분당구 분당로201번길 17 (서현동, 효자촌)",22,14,710,031-701-5953,2024-07-05
분당구,서현동,효자촌삼환,성남시 분당구 서현동 301,"경기도 성남시 분당구 불정로 361 (서현동, 효자촌)",20,14,632,031-701-4691,2024-07-05
분당구,서현동,서현미래타운,성남시 분당구 서현동 307,"경기도 성남시 분당구 불정로386번길 10 (서현동, 효자촌미래타운아파트)",22,4,160,031-705-3868,2024-07-05
분당구,서현동,서현효자촌그린타운,성남시 분당구 서현동 308,"경기도 성남시 분당구 불정로 362 (서현동, 효자촌대우,럭키,화성아파트)",25,22,1774,031-704-1297,2024-07-05
분당구,수내동,분당지웰푸르지오,성남시 분당구 수내동 1-1,"경기도 성남시 분당구 수내로 39 (수내동, 분당지웰푸르지오)",28,3,166,031-718-2101,2024-07-05
분당구,수내동,양지마을한양1단지(501~514동),성남시 분당구 수내동 24,"경기도 성남시 분당구 내정로165번길 35 (수내동, 양지마을한양아파트)",15,13,1010,031-713-2091,2024-07-05
분당구,수내동,"양지마을한양2단지(515~529동), 603동",성남시 분당구 수내동 24,"경기도 성남시 분당구 내정로165번길 35 (수내동, 양지마을한양아파트)",25,16,996,031-711-2108,2024-07-05
분당구,수내동,양지마을금호3단지,성남시 분당구 수내동 27,"경기도 성남시 분당구 내정로 151 (수내동, 양지마을금호3단지한양5단지아파트)",21,6,414,031-711-2061,2024-07-05
분당구,수내동,"양지마을금호1,6단지(602동)",성남시 분당구 수내동 34,"경기도 성남시 분당구 수내로 74 (수내동, 양지마을)",26,17,1076,031-711-2060,2024-07-05
분당구,수내동,양지마을청구,성남시 분당구 수내동 36,"경기도 성남시 분당구 내정로 185 (수내동, 양지마을)",25,14,896,031-711-3378,2024-07-05
분당구,수내동,파크타운롯데,성남시 분당구 수내동 55,"경기도 성남시 분당구 내정로 152 (수내동, 파크타운)",30,41,3028,031-711-9644,2024-07-05
분당구,수내동,푸른마을 신성벽산쌍용,성남시 분당구 수내동 73,"경기도 성남시 분당구 수내로 206 (수내동, 푸른마을)",22,50,2598,031-711-1121,2024-07-05
분당구,야탑동,"야탑동,목련마을SK",성남시 분당구 야탑동 147,"경기도 성남시 분당구 판교로743번길 7 (야탑동, 목련마을에스케이아파트)",15,5,272,031-709-9132,2024-07-05
분당구,야탑동,목련마을영남,성남시 분당구 야탑동 156,"경기도 성남시 분당구 판교로 669 (야탑동, 목련마을)",17,4,294,031-707-6047,2024-07-05
분당구,야탑동,목련마을한일,성남시 분당구 야탑동 162,"경기도 성남시 분당구 판교로 645 (야탑동, 목련마을)",18,4,278,031-707-7841,2024-07-05
분당구,야탑동,목련마을한신,성남시 분당구 야탑동 163,"경기도 성남시 분당구 판교로 627 (야탑동, 목련마을)",15,5,264,031-703-4883,2024-07-05
분당구,야탑동,목련마을주공1단지,성남시 분당구 야탑동 165,"경기도 성남시 분당구 판교로 607 (야탑동, 목련마을)",15,12,1460,031-705-3039,2024-07-05
분당구,야탑동,목련마을대원빌라,성남시 분당구 야탑동 173,"경기도 성남시 분당구 야탑로245번길 11 (야탑동, 목련마을대원빌라)",4,6,172,031-704-2599,2024-07-05
분당구,야탑동,목련마을자영빌라(대원빌라3단지),성남시 분당구 야탑동 177,"경기도 성남시 분당구 야탑로271번길 7 (야탑동, 목련마을자영빌라)",4,9,216,031-702-3514,2024-07-05
분당구,야탑동,목련마을화성빌리지,성남시 분당구 야탑동 185,"경기도 성남시 분당구 야탑로271번길 28 (야탑동, 목련마을화성빌리지)",4,11,224,031-705-7750,2024-07-05
분당구,야탑동,SK VIEW,성남시 분당구 야탑동 188,"경기도 성남시 분당구 돌마로 906 (야탑동, SK VIEW)",20,4,175,031-703-9400,2024-07-05
분당구,야탑동,분당동원로얄듀크,성남시 분당구 야탑동 190,"경기도 성남시 분당구 돌마로 908 (야탑동, 분당동원로얄듀크)",22,4,166,031-781-9831,2024-07-05
분당구,야탑동,매화마을주공1단지,성남시 분당구 야탑동 201,"경기도 성남시 분당구 매화로 92 (야탑동, 매화마을공무원아파트)",20,6,562,031-707-6647,2024-07-05
분당구,야탑동,매화마을주공3단지,성남시 분당구 야탑동 207,"경기도 성남시 분당구 양현로 507 (야탑동, 매화마을주공3단지아파트)",15,16,851,031-705-3037,2024-07-05
분당구,야탑동,매화마을주공4단지,성남시 분당구 야탑동 211,"경기도 성남시 분당구 장미로 193 (야탑동, 매화마을)",15,7,643,031-705-3038,2024-07-05
분당구,야탑동,매화마을주공2단지,성남시 분당구 야탑동 215,"경기도 성남시 분당구 장미로 139 (야탑동, 매화마을공무원아파트)",21,17,1185,031-703-4947,2024-07-05
분당구,야탑동,매화마을벽산연립,성남시 분당구 야탑동 218,"경기도 성남시 분당구 벌말로50번길 27 (야탑동, 매화마을현대,벽산연립)",4,10,252,031-702-1480,2024-07-05
분당구,야탑동,매화마을건영1차,성남시 분당구 야탑동 265,"경기도 성남시 분당구 벌말로30번길 32 (야탑동, 매화마을건영빌라)",4,11,248,031-706-9723,2024-07-05
분당구,야탑동,매화마을동신건영2차,성남시 분당구 야탑동 266,"경기도 성남시 분당구 벌말로30번길 12 (야탑동, 매화마을동신,건영빌라)",4,12,240,031-706-7498,2024-07-05
분당구,야탑동,장미마을현대,성남시 분당구 야탑동 335,"경기도 성남시 분당구 장미로 101 (야탑동, 장미마을)",20,25,2136,031-705-2014,2024-07-05
분당구,야탑동,아이파크,성남시 분당구 야탑동 391,"경기도 성남시 분당구 야탑로 125 (야탑동, 아이파크)",15,5,270,031-702-1323,2024-07-05
분당구,야탑동,"탑마을타워빌(경향,기산,진덕,남광)",성남시 분당구 야탑동 511,"경기도 성남시 분당구 양현로 272 (야탑동, 탑마을타워빌)",22,20,1166,031-705-6691,2024-07-05
분당구,야탑동,탑마을벽산,성남시 분당구 야탑동 517,"경기도 성남시 분당구 야탑로 124 (야탑동, 탑마을벽산아파트)",23,12,646,031-705-3561,2024-07-05
분당구,야탑동,탑마을주공8단지,성남시 분당구 야탑동 518,"경기도 성남시 분당구 매화로 12 (야탑동, 탑마을)",15,9,701,031-705-3036,2024-07-05
분당구,야탑동,탑마을경남,성남시 분당구 야탑동 526,"경기도 성남시 분당구 판교로 519 (야탑동, 탑마을경남아너스빌)",23,16,884,031-706-2108,2024-07-05
분당구,야탑동,탑마을대우,성남시 분당구 야탑동 535,"경기도 성남시 분당구 판교로 421 (야탑동, 탑마을대우아파트)",17,12,654,031-704-4993,2024-07-05
분당구,야탑동,탑마을선경,성남시 분당구 야탑동 536,"경기도 성남시 분당구 야탑로 20 (야탑동, 탑마을선경아파트)",16,16,976,031-703-0548,2024-07-05
분당구,야탑동,장미마을동부,"성남시 분당구 야탑동 330, 331","경기도 성남시 분당구 장미로 55 (야탑동, 장미마을)",17,21,1134,031-704-6738,2024-07-05
분당구,야탑동,장미마을코오롱,"성남시 분당구 야탑동 330, 331","경기도 성남시 분당구 장미로 55 (야탑동, 장미마을)",16,18,1082,031-704-6975,2024-07-05
분당구,운중동, LIG건영,성남시 분당구 운중동 899,"경기도 성남시 분당구 판교원로 7 (운중동, LIG건영아파트)",25,3,222,031-8016-0111,2024-07-05
분당구,운중동, 산운마을14단지 경남아너스빌,성남시 분당구 운중동 916,"경기도 성남시 분당구 판교원로82번길 60 (운중동, 경남아너스빌아파트)",18,12,492,031-8016-0455,2024-07-05
분당구,운중동, 산운마을13단지,성남시 분당구 운중동 918,"경기도 성남시 분당구 판교원로82번길 30 (운중동, 산운마을13단지아파트)",35,12,1396,031-8016-2340,2024-07-05
분당구,운중동, 산운마을12단지,성남시 분당구 운중동 921,"경기도 성남시 분당구 판교원로 46 (운중동, 산운마을12단지아파트)",18,10,510,031-8016-6608,2024-07-05
분당구,운중동, 산운마을11단지,성남시 분당구 운중동 922,"경기도 성남시 분당구 판교원로 68 (운중동, 산운마을11단지아파트)",18,10,504,031-8016-6601,2024-07-05
분당구,운중동, 산운마을10단지 대광로제비앙,성남시 분당구 운중동 949,"경기도 성남시 분당구 판교원로81번길 15 (운중동, 산운마을대광로제비앙아파트)",18,4,257,031-701-2984,2024-07-05
분당구,운중동, 산운마을8단지 판교부영,성남시 분당구 운중동 956,"경기도 성남시 분당구 산운로 98 (운중동, 산운마을8단지아파트)",21,6,371,031-701-3941,2024-07-05
분당구,운중동,산운마을9단지 판교대방노블랜드,성남시 분당구 운중동 958,"경기도 성남시 분당구 산운로 126 (운중동, 판교대방노블랜드아파트)",18,4,266,031-704-0986,2024-07-05
분당구,운중동, 산운마을7단지,성남시 분당구 운중동 987,"경기도 성남시 분당구 산운로 135 (운중동, 산운마을7단지아파트)",4,21,206,031-8017-3371,2024-07-05
분당구,운중동, 산운마을6단지,성남시 분당구 운중동 988,"경기도 성남시 분당구 산운로 121 (운중동, 산운마을6단지아파트)",17,10,256,031-701-1044,2024-07-05
분당구,운중동,산운마을5단지 한성필하우스,성남시 분당구 운중동 989,"경기도 성남시 분당구 산운로 97 (운중동, 한성필하우스아파트)",18,5,268,031-702-4777,2024-07-05
분당구,이매동,이매촌삼환,성남시 분당구 이매동 99,"경기도 성남시 분당구 양현로 220 (이매동, 이매촌삼환아파트)",25,10,572,031-703-3971,2024-07-05
분당구,이매동,이매촌삼성,성남시 분당구 이매동 100,"경기도 성남시 분당구 양현로 220 (이매동, 이매촌삼성아파트)",21,27,1162,031-706-2561,2024-07-05
분당구,이매동,이매촌동신9단지,성남시 분당구 이매동 110,"경기도 성남시 분당구 양현로166번길 20 (이매동, 이매촌동신9단지아파트)",18,10,458,031-704-3220,2024-07-05
분당구,이매동,이매촌진흥,성남시 분당구 이매동 111,"경기도 성남시 분당구 양현로 138 (이매동, 이매촌진흥아파트)",25,13,832,031-705-1057,2024-07-05
분당구,이매동,이매촌성지,성남시 분당구 이매동 116,"경기도 성남시 분당구 이매로 54 (이매동, 이매촌성지아파트)",18,4,304,031-703-1397,2024-07-05
분당구,이매동,이매촌동신3단지,성남시 분당구 이매동 117,"경기도 성남시 분당구 양현로94번길 28 (이매동, 이매촌)",20,9,460,031-704-3271,2024-07-05
분당구,이매동,이매촌동부코오롱,성남시 분당구 이매동 121,"경기도 성남시 분당구 양현로 88 (이매동, 이매촌동부코오롱아파트)",20,4,264,031-705-5216,2024-07-05
분당구,이매동,이매촌금강,성남시 분당구 이매동 122,"경기도 성남시 분당구 서현로 177 (이매동, 이매촌)",23,7,588,031-703-1114,2024-07-05
분당구,이매동,이매촌청구,성남시 분당구 이매동 123,"경기도 성남시 분당구 양현로94번길 29 (이매동, 이매촌)",25,13,710,031-703-0491,2024-07-05
분당구,이매동,이매촌한신,성남시 분당구 이매동 124,"경기도 성남시 분당구 서현로 181 (이매동, 이매촌)",25,12,1184,031-704-3797,2024-07-05
분당구,이매동,아름마을(건영),성남시 분당구 이매동 132,"경기도 성남시 분당구 판교로 430 (이매동, 아름마을건영한성태영아파트)",28,12,706,031-703-2222,2024-07-05
분당구,이매동,아름마을(한성),성남시 분당구 이매동 132,"경기도 성남시 분당구 판교로 430 (이매동, 아름마을건영한성태영아파트)",5,8,240,031-704-7536,2024-07-05
분당구,이매동,아름마을(태영),성남시 분당구 이매동 132,"경기도 성남시 분당구 판교로 430 (이매동, 아름마을건영한성태영아파트)",17,8,414,031-703-2349,2024-07-05
분당구,이매동,아름마을삼호,성남시 분당구 이매동 133,"경기도 성남시 분당구 탄천로 95 (이매동, 아름마을삼호,두산아파트)",22,24,1132,031-703-1278,2024-07-05
분당구,이매동,아름마을풍림,성남시 분당구 이매동 140,"경기도 성남시 분당구 탄천로 59 (이매동, 아름마을풍림아파트)",22,16,876,031-705-7895,2024-07-05
분당구,이매동,아름마을선경,성남시 분당구 이매동 142,"경기도 성남시 분당구 이매로 11 (이매동, 아름마을선경아파트)",17,5,370,031-706-0205,2024-07-05
분당구,이매동,아름마을효성,성남시 분당구 이매동 143,"경기도 성남시 분당구 이매로 16 (이매동, 아름마을효성아파트)",25,7,388,031-701-5705,2024-07-05
분당구,정자동,파크뷰,성남시 분당구 정자동 6,"경기도 성남시 분당구 정자일로 248 (정자동, 파크뷰)",35,13,1829,031-783-2000,2024-07-05
분당구,정자동,아이파크분당,성남시 분당구 정자동 9,"경기도 성남시 분당구 정자일로 239 (정자동, 아이파크분당1)",34,4,540,031-785-1900,2024-07-05
분당구,정자동,아이파크분당2,성남시 분당구 정자동 10-1,"경기도 성남시 분당구 정자일로213번길 19 (정자동, 아이파크분당2)",31,2,224,031-785-1900,2024-07-05
분당구,정자동,아이파크분당3,성남시 분당구 정자동 11,"경기도 성남시 분당구 정자일로213번길 5 (정자동, 아이파크분당3)",34,2,307,031-785-1900,2024-07-05
분당구,정자동,느티마을(경남선경빌라),성남시 분당구 정자동 29,"경기도 성남시 분당구 황새울로132번길 27 (정자동, 느티마을경남,선경연립)",4,16,200,031-714-4367,2024-07-05
분당구,정자동,"느티마을3,4단지",성남시 분당구 정자동 88,"경기도 성남시 분당구 느티로 70 (정자동, 느티마을공무원아파트)",25,28,1776,031-712-4083,2024-07-05
분당구,정자동,한솔마을주공7단지,성남시 분당구 정자동 101,경기도 성남시 분당구 내정로 94 (정자동),20,12,1668,031-713-1210,2024-07-05
분당구,정자동,한솔마을주공4단지,성남시 분당구 정자동 102,"경기도 성남시 분당구 백현로 206 (정자동, 한솔마을)",25,17,1651,031-713-1403,2024-07-05
분당구,정자동,한솔마을한일,성남시 분당구 정자동 107,"경기도 성남시 분당구 백현로 234 (정자동, 한솔마을)",23,7,416,031-713-0004,2024-07-05
분당구,정자동,한솔마을청구,성남시 분당구 정자동 110,"경기도 성남시 분당구 불정로 219 (정자동, 한솔마을청구아파트)",25,14,858,031-713-2713,2024-07-05
분당구,정자동,한솔마을2단지 LG,성남시 분당구 정자동 111,"경기도 성남시 분당구 정자로 143 (정자동, 한솔마을)",25,11,598,031-715-3297,2024-07-05
분당구,정자동,한솔마을주공5단지,성남시 분당구 정자동 112,"경기도 성남시 분당구 정자로 115 (정자동, 한솔마을주공아파트)",25,12,1156,031-714-2717,2024-07-05
분당구,정자동,한솔마을주공6단지,성남시 분당구 정자동 117,"경기도 성남시 분당구 내정로 54 (정자동, 한솔마을주공6단지아파트)",25,12,1039,031-714-2717,2024-07-05
분당구,정자동,상록마을우성,성남시 분당구 정자동 121,"경기도 성남시 분당구 내정로 55 (정자동, 상록마을)",25,27,1762,031-713-5065,2024-07-05
분당구,정자동,미켈란쉐르빌,성남시 분당구 정자동 180,"경기도 성남시 분당구 정자일로 100 (정자동, 미켈란쉐르빌)",39,4,803,031-782-0300,2024-07-05
분당구,정자동,상록마을보성임광,성남시 분당구 정자동 181,"경기도 성남시 분당구 정자일로 80 (정자동, 상록마을보성아파트)",18,8,568,031-713-0791,2024-07-05
분당구,정자동,정든마을한진6단지,성남시 분당구 정자동 191,경기도 성남시 분당구 내정로 24 (정자동),25,6,298,031-717-1197,2024-07-05
분당구,정자동,정든마을신화,성남시 분당구 정자동 192,"경기도 성남시 분당구 정자로 112 (정자동, 정든마을)",25,8,564,031-716-1975,2024-07-05
분당구,정자동,정든마을한진8단지,성남시 분당구 정자동 193,"경기도 성남시 분당구 불정로 119 (정자동, 정든마을한진8단지아파트)",25,9,512,031-716-1289,2024-07-05
분당구,정자동,정든마을한진7단지,성남시 분당구 정자동 194,"경기도 성남시 분당구 내정로 10 (정자동, 정든마을)",20,5,382,031-712-4641,2024-07-05
분당구,정자동,정든마을우성4차,성남시 분당구 정자동 197,"경기도 성남시 분당구 정자로 144 (정자동, 정든마을)",25,6,270,031-714-1693,2024-07-05
분당구,정자동,정든마을우성6차,성남시 분당구 정자동 198,"경기도 성남시 분당구 불정로 195 (정자동, 정든마을우성6단지아파트)",23,8,706,031-713-4954,2024-07-05
분당구,정자동,정든마을동아2단지,성남시 분당구 정자동 199,"경기도 성남시 분당구 불정로 179 (정자동, 정든마을)",23,8,706,031-718-0297,2024-07-05
분당구,정자동,정든마을동아1단지,성남시 분당구 정자동 200,"경기도 성남시 분당구 불정로 141 (정자동, 정든마을)",23,7,300,031-715-0245,2024-07-05
분당구,정자동,분당더샵파크리버,성남시 분당구 정자동 215,"경기도 성남시 분당구 돌마로 171 (정자동, 분당더샵파크리버)",34,5,506,031-715-6656,2024-07-05
분당구,정자동,로얄팰리스,성남시 분당구 정자동 28-1,"경기도 성남시 분당구 성남대로 449 (정자동, 로얄팰리스)",32,4,566,031-785-5555,2024-07-05
분당구,정자동,위브제니스,성남시 분당구 정자동 15-4,"경기도 성남시 분당구 정자일로232번길 25 (정자동, 위브제니스)",30,2,157,031-719-1456,2024-07-05
분당구,정자동,상록마을라이프1단지,"성남시 분당구 정자동 124, 125","경기도 성남시 분당구 정자로 56 (정자동, 상록마을라이프1단지아파트)",25,13,750,031-713-2599,2024-07-05
분당구,정자동,아데나팰리스,성남시 분당구 정자동 169-1,"경기도 성남시 분당구 성남대로 275 (정자동, 삼성아데나팰리스아파트)",27,3,203,031-719-7608,2024-07-05
분당구,정자동,삼성아데나루체,성남시 분당구 정자동 170-1,"경기도 성남시 분당구 정자일로 120 (정자동, 삼성아데나루체)",25,3,259,031-712-3294,2024-07-05
분당구,정자동,분당더샾스타파크,성남시 분당구 정자동 174-1,"경기도 성남시 분당구 정자일로 121 (정자동, 더샵스타파크)",36,4,378,031-8022-5100,2024-07-05
분당구,판교동,판교원마을13단지,성남시 분당구 판교동 492,"경기도 성남시 분당구 서판교로 193 (판교동, 판교원마을13단지아파트)",4,16,170,031-8016-2225,2024-07-05
분당구,판교동,판교원마을12단지,성남시 분당구 판교동 494,"경기도 성남시 분당구 서판교로 165 (판교동, 판교원마을12단지아파트)",15,8,428,031-8016-0322,2024-07-05
분당구,판교동,판교원마을11단지 현대힐스테이트,성남시 분당구 판교동 513,"경기도 성남시 분당구 서판교로 147 (판교동, 판교원마을현대힐스테이트아파트)",15,13,605,031-8017-3331,2024-07-05
분당구,판교동,판교원마을10단지,성남시 분당구 판교동 552,"경기도 성남시 분당구 서판교로 73 (판교동, 판교원마을10단지아파트)",4,22,248,031-8016-0240,2024-07-05
분당구,판교동,판교원마을9단지 한림풀에버,성남시 분당구 판교동 585,"경기도 성남시 분당구 서판교로 29 (판교동, 판교원마을)",20,23,1045,031-8016-7800,2024-07-05
분당구,판교동,판교원마을1단지,성남시 분당구 판교동 622,"경기도 성남시 분당구 판교로 50 (판교동, 판교원마을1단지아파트)",15,12,402,031-8016-1055,2024-07-05
분당구,판교동,판교원마을2단지,성남시 분당구 판교동 623,"경기도 성남시 분당구 판교로 30 (판교동, 판교원마을2단지아파트)",15,6,202,031-8016-3588,2024-07-05
분당구,판교동,판교원마을3단지,성남시 분당구 판교동 629,"경기도 성남시 분당구 판교로 20 (판교동, 판교원마을3단지아파트)",35,5,486,031-8016-9020,2024-07-05
분당구,판교동,판교원마을5단지,성남시 분당구 판교동 634,"경기도 성남시 분당구 판교원로 207 (판교동, 판교원마을5단지아파트)",35,7,567,031-8016-8042,2024-07-05
분당구,판교동,판교원마을6단지,성남시 분당구 판교동 635,"경기도 성남시 분당구 판교원로 209 (판교동, 판교원마을6단지아파트)",21,6,470,031-626-6663,2024-07-05
분당구,판교동,판교원마을7단지 모아미래도,성남시 분당구 판교동 637,"경기도 성남시 분당구 판교원로 237 (판교동, 판교원마을7단지아파트)",20,9,585,031-702-0015,2024-07-05
분당구,판교동,판교원마을8단지 상록아파트,성남시 분당구 판교동 638,"경기도 성남시 분당구 판교원로 255 (판교동, 판교원마을상록아파트)",20,7,466,031-8016-1008,2024-07-05
수정구,고등동,판교밸리포레자이 ,성남시 수정구 고등동 576,"경기도 성남시 수정구 고등로 33 (고등동, 판교밸리포레자이)",15,12,603,031-751-6481,2024-07-05
수정구,고등동,고등마을 행복주택,성남시 수정구 고등동 578,"경기도 성남시 수정구 고등로 57 (고등동, 고등마을)",15,11,1520,031-759-5674,2024-07-05
수정구,고등동,판교밸리 제일풍경채,성남시 수정구 고등동 590,"경기도 성남시 수정구 고등공원로 19 (고등동, 판교밸리 제일풍경채)",15,9,543,031-778-7935,2024-07-05
수정구,고등동,호반써밋판교밸리,성남시 수정구 고등동 592,"경기도 성남시 수정구 고등로 34 (고등동, 호반써밋 판교밸리)",14,19,768,031-759-9883,2024-07-05
수정구,단대동,선경논골,성남시 수정구 단대동 6,"경기도 성남시 수정구 논골로 87 (단대동, 선경논골1차아파트)",13,3,426,031-733-4444,2024-07-05
수정구,단대동,푸르지오,성남시 수정구 단대동 100,"경기도 성남시 수정구 산성대로437번길 7 (단대동, 푸르지오)",25,13,1015,031-731-4706,2024-07-05
수정구,단대동,휴먼시아,성남시 수정구 단대동 101,"경기도 성남시 수정구 산성대로437번길 8 (단대동, 성남단대동 휴먼시아)",18,2,213,031-735-3003,2024-07-05
수정구,단대동,진로,성남시 수정구 단대동 124,"경기도 성남시 수정구 단대로23번길 32 (단대동, 진로아파트)",15,6,499,031-732-0208,2024-07-05
수정구,단대동,성남미도,성남시 수정구 단대동 182,"경기도 성남시 수정구 희망로 472 (단대동, 미도아파트)",14,2,280,031-734-0237,2024-07-05
수정구,단대동,코오롱하늘채,성남시 수정구 단대동 6986,"경기도 성남시 수정구 단대로15번길 2 (단대동, 코오롱하늘채)",15,4,186,031-742-9615,2024-07-05
수정구,단대동 ,진흥더블파크,성남시 수정구 단대동  78,"경기도 성남시 수정구 단대로23번길 10 (단대동, 진흥더블파크)",15,3,188,031-734-7950,2024-07-05
수정구,수진동,삼부,성남시 수정구 수진동 4663,"경기도 성남시 수정구 모란로 65 (수진동, 삼부아파트)",15,9,834,031-752-0405,2024-07-05
수정구,수진동,삼정그린뷰,성남시 수정구 수진동 4678,"경기도 성남시 수정구 수정로 2 (수진동, 삼정그린뷰)",10,5,274,031-751-2985,2024-07-05
수정구,시흥동,판교 제2테크노밸리 LH 1단지,성남시 수정구 시흥동 324,"경기도 성남시 수정구 창업로40번길 6 (시흥동, 판교 제2테크노밸리 LH 1단지)",10,1,200,031-758-3250,2024-07-05
수정구,신흥동,산성역 포레스티아 아파트,성남시 수정구 신흥동 6951,경기도 성남시 수정구 수정로 319,28,39,4089,031-731-9462,2024-07-05
수정구,신흥동,두산,성남시 수정구 신흥동 2024,"경기도 성남시 수정구 공원로 360 (신흥동, 두산아파트)",15,6,570,031-747-0480,2024-07-05
수정구,신흥동,한신,성남시 수정구 신흥동 2463-1,"경기도 성남시 수정구 산성대로 341 (신흥동, 한신아파트)",15,5,585,031-731-6628,2024-07-05
수정구,신흥동,청구,성남시 수정구 신흥동 2464-1,"경기도 성남시 수정구 공원로 340 (신흥동, 청구아파트)",15,3,493,031-748-8147,2024-07-05
수정구,신흥동,신동아파라디움,성남시 수정구 신흥동 2465-7,"경기도 성남시 수정구 공원로 322 (신흥동, 신동아파라디움)",20,3,272,031-742-0905,2024-07-05
수정구,양지동,우성에비뉴,성남시 수정구 양지동 1022,"경기도 성남시 수정구 논골로36번길 15 (양지동, 우성에비뉴 아파트)",15,4,181,031-733-7807,2024-07-05
수정구,창곡동,위례31단지,성남시 수정구 창곡동 500,"경기도 성남시 수정구 위례순환로 17 (창곡동, 위례31단지)",15,13,2334,031-759-9005,2024-07-05
수정구,창곡동,LH위례36단지,성남시 수정구 창곡동 501,경기도 성남시 수정구 위례순환로 53 (창곡동),15,3,470,031-756-4701,2024-07-05
수정구,창곡동,위례센트럴자이,성남시 수정구 창곡동 504,"경기도 성남시 수정구 위례광장로 97 (창곡동, 위례자연앤센트럴자이)",15,19,1413,031-759-9250,2024-07-05
수정구,창곡동,위례35단지,성남시 수정구 창곡동 510,"경기도 성남시 수정구 위례광장로 311 (창곡동, 위례35단지)",22,14,2568,031-759-8334,2024-07-05
수정구,창곡동,위례 호반베르디움(위례호반써밋에비뉴),성남시 수정구 창곡동 515,"경기도 성남시 수정구 위례중앙로 216 (창곡동, 위례 호반베르디움)",25,15,1137,031-752-1137,2024-07-05
수정구,창곡동,"창곡동,위례센트럴푸르지오",성남시 수정구 창곡동 519,"경기도 성남시 수정구 위례순환로 211 (창곡동, 위례 센트럴 푸르지오)",25,8,687,031-759-9985,2024-07-05
수정구,창곡동,위례더힐55(위례부영사랑으로),성남시 수정구 창곡동 521,"경기도 성남시 수정구 위례순환로 220 (창곡동, 위례더힐55)",20,21,1380,031-752-2203,2024-07-05
수정구,창곡동,삼성래미안 위례,성남시 수정구 창곡동 528,"경기도 성남시 수정구 위례순환로 150 (창곡동, 래미안 위례)",19,7,410,031-721-4651,2024-07-05
수정구,창곡동,위례자이,성남시 수정구 창곡동 531,"경기도 성남시 수정구 위례순환로 100 (창곡동, 위례자이)",19,11,517,031-722-2717,2024-07-05
수정구,창곡동,"위례역푸르지오4,5,6단지",성남시 수정구 창곡동 563,"경기도 성남시 수정구 위례광장로 12 (창곡동, 위례역 푸르지오 6단지)",20,13,620,031-759-9498,2024-07-05
수정구,창곡동,위례자연앤래미안 e편한세상,성남시 수정구 창곡동 567,"경기도 성남시 수정구 위례동로 61 (창곡동, 위례 자연앤 래미안이편한세상)",21,21,1540,031-755-8600,2024-07-05
수정구,창곡동,힐스테이트 위례,성남시 수정구 창곡동 572,"경기도 성남시 수정구 위례동로 15 (창곡동, 힐스테이트 위례)",14,14,621,031-759-7730,2024-07-05
수정구,창곡동,이편한세상테라스위례,성남시 수정구 창곡동 575,"경기도 성남시 수정구 위례동이로 24 (창곡동, 이편한세상테라스위례)",4,15,360,031-759-7065,2024-07-05
수정구,창곡동,위례포레스트부영,성남시 수정구 창곡동 597,"경기도 성남시 수정구 헌릉로 1005 (창곡동, 위례포레스트부영)",14,14,566,031-723-6298,2024-07-05
수정구,태평동,태평선경,성남시 수정구 태평동 7308,"경기도 성남시 수정구 시민로 214 (태평동, 선경태평아파트)",5,9,312,031-721-1767,2024-07-05
수정구,태평동,신세계쉐덴,성남시 수정구 태평동 7336,"경기도 성남시 수정구 수정로 201 (태평동, 신세계쉐덴)",14,6,182,031-759-4561,2024-07-05
수정구,태평동,신동아파밀리에,성남시 수정구 태평동 7341,"경기도 성남시 수정구 시민로 209 (태평동, 신동아 파밀리에)",13,2,168,031-752-7730,2024-07-05
수정구,태평동,가천대역쌍용스윗닷홈,성남시 수정구 태평동 7342,"경기도 성남시 수정구 태평로 9 (태평동, 가천대역 쌍용스윗닷홈)",15,4,191,031-753-2456,2024-07-05
수정구,태평동,가천대역동부센트레빌1단지,성남시 수정구 태평동 7343,"경기도 성남시 수정구 태평로 28 (태평동, 가천대역동부센트레빌)",14,6,248,031-757-1010,2024-07-05
수정구,태평동,가천대두산위브,성남시 수정구 태평동 7346,경기도 성남시 수정구 태평로 65,15,8,503,031-759-8085,2024-07-05
수정구,태평동,일성오퍼스원,성남시 수정구 태평동 5113-7,경기도 성남시 수정구 성남대로 1330 (태평동),13,1,161,031-759-1212,2024-07-05
중원구,금광동,단남,성남시 중원구 금광동 92,"경기도 성남시 중원구 희망로 412 (금광동, 단남아파트)",15,2,160,031-741-5553,2024-07-05
중원구,금광동,래미안금광,성남시 중원구 금광동 2500,"경기도 성남시 중원구 황송로 77 (금광동, 래미안금광아파트)",17,11,1098,031-734-0972,2024-07-05
중원구,금광동,다솜마을,성남시 중원구 금광동 2528,"경기도 성남시 중원구 황송로77번길 21 (금광동, 다솜마을 아파트)",15,3,200,031-732-7555,2024-07-05
중원구,금광동,한양수자인 성남마크뷰,성남시 중원구 금광동 2600,경기도 성남시 중원구 광명로 411 (금광동),25,7,711,031-736-2622,2024-07-05
중원구,금광동,삼익금광,성남시 중원구 금광동 3950,"경기도 성남시 중원구 자혜로16번길 9 (금광동, 삼익금광아파트)",12,4,498,031-733-5214,2024-07-05
중원구,금광동,황송마을,성남시 중원구 금광동 2450-1,"경기도 성남시 중원구 황송로 6 (금광동, 황송마을아파트)",15,11,990,031-734-6415,2024-07-05
중원구,금광동,금빛그랑메종 1단지,성남시 중원구 금광동 1001,경기도 성남시 중원구 금광로 11,29,9,1135,031-731-1100,2024-07-05
중원구,금광동,금빛그랑메종 2단지,성남시 중원구 금광동 1003,경기도 성남시 중원구 금광로 26,22,4,443,031-8039-7366,2024-07-05
중원구,금광동,금빛그랑메종 3단지,성남시 중원구 금광동 1008,경기도 성남시 중원구 금광로 40,25,6,784,031-731-8548,2024-07-05
중원구,금광동,금빛그랑메종 4단지,성남시 중원구 금광동 1016,경기도 성남시 중원구 금광로 71,29,8,948,031-731-4400,2024-07-05
중원구,금광동,금빛그랑메종 5단지,성남시 중원구 금광동 1020,경기도 성남시 중원구 금광로 72,29,8,1102,031-734-5500,2024-07-05
중원구,금광동,금빛그랑메종 6단지,성남시 중원구 금광동 1009,경기도 성남시 중원구 금광로 39,24,4,908,031-733-0222,2024-07-05
중원구,도촌동,LH 동분당 센트럴파크,성남시 중원구 도촌동 700,"경기도 성남시 중원구 도촌남로 22 (도촌동, 휴먼시아섬마을1단지아파트)",15,17,842,031-752-2772,2024-07-05
중원구,도촌동,휴먼시아섬마을2단지,성남시 중원구 도촌동 701,"경기도 성남시 중원구 도촌남로 24 (도촌동, 휴먼시아섬마을2단지아파트)",15,6,534,031-752-7053,2024-07-05
중원구,도촌동,동분당포레스트,성남시 중원구 도촌동 702,"경기도 성남시 중원구 도촌남로 67 (도촌동, 휴먼시아섬마을3단지아파트)",15,7,408,031-722-0582,2024-07-05
중원구,도촌동,휴먼시아섬마을4단지,성남시 중원구 도촌동 703,"경기도 성남시 중원구 도촌남로 69 (도촌동, 휴먼시아섬마을4단지아파트)",15,5,458,031-752-7013,2024-07-05
중원구,도촌동,동분당 더 퍼스트,성남시 중원구 도촌동 704,"경기도 성남시 중원구 도촌북로 78 (도촌동, 휴먼시아섬마을5단지아파트)",15,12,633,031-756-1014,2024-07-05
중원구,도촌동,휴먼시아섬마을7단지,성남시 중원구 도촌동 706,"경기도 성남시 중원구 도촌남로 101 (도촌동, 휴먼시아 섬마을)",15,12,528,031-759-0009,2024-07-05
중원구,도촌동,휴먼시아섬마을8단지,성남시 중원구 도촌동 707,"경기도 성남시 중원구 도촌남로 134 (도촌동, 휴먼시아섬마을8단지아파트)",15,10,762,031-752-7104,2024-07-05
중원구,도촌동,휴먼시아섬마을9단지,성남시 중원구 도촌동 708,"경기도 성남시 중원구 도촌남로 148 (도촌동, 휴먼시아섬마을9단지아파트)",15,12,1005,031-752-7445,2024-07-05
중원구,상대원동,늘푸른산성,성남시 중원구 상대원동 174,"경기도 성남시 중원구 사기막골로150번길 10 (상대원동, 산성아파트)",21,4,360,031-733-1024,2024-07-05
중원구,상대원동,삼익상대원,성남시 중원구 상대원동 152-3,"경기도 성남시 중원구 사기막골로31번길 34 (상대원동, 삼익상대원아파트)",12,2,264,031-733-2935,2024-07-05
중원구,상대원동,일성,성남시 중원구 상대원동 178-6,"경기도 성남시 중원구 순환로198번길 12 (상대원동, 일성아파트)",15,1,270,031-734-9585,2024-07-05
중원구,상대원동,상대원동 성지,성남시 중원구 상대원동 195-5,"경기도 성남시 중원구 순환로 178 (상대원동, 성지아파트)",6,8,441,031-745-3421,2024-07-05
중원구,상대원동,선경 (2차 시영),성남시 중원구 상대원동 279-1,"경기도 성남시 중원구 금상로 134 (상대원동, 선경상대원2차아파트)",15,19,2510,031-748-4654,2024-07-05
중원구,상대원동,산호,성남시 중원구 상대원동 산19-4,"경기도 성남시 중원구 순환로198번길 14 (상대원동, 산호아파트)",12,1,158,031-732-4994,2024-07-05
중원구,성남동,보미리전빌3,성남시 중원구 성남동 2508,"경기도 성남시 중원구 광명로 114 (성남동, 보미리전빌Ⅲ)",12,1,150,031-721-7979,2024-07-05
중원구,성남동,성남동 현대,성남시 중원구 성남동 3121,"경기도 성남시 중원구 둔촌대로 193 (성남동, 현대아파트)",15,2,375,031-758-9834,2024-07-05
중원구,성남동,금호어울림,성남시 중원구 성남동 3126,"경기도 성남시 중원구 둔촌대로171번길 6 (성남동, 금호어울림아파트)",15,11,507,031-758-8005,2024-07-05
중원구,성남동,성남동 여수LH1단지 (임대),성남시 중원구 성남동 4700,"경기도 성남시 중원구 둔촌대로63번길 11 (성남동, 성남여수엘에이치1단지)",14,7,658,031-723-8866,2024-07-05
중원구,여수동,센트럴타운3단지,성남시 중원구 여수동 600,"경기도 성남시 중원구 성남대로 1000 (여수동, 센트럴타운)",15,23,1039,031-752-2137,2024-07-05
중원구,여수동,연꽃마을4단지 (혼합),성남시 중원구 여수동 601,"경기도 성남시 중원구 여수울로 50 (여수동, 연꽃마을 아파트)",14,10,456,031-721-3391,2024-07-05
중원구,여수동,산들마을 2단지 ,성남시 중원구 여수동 602,"경기도 성남시 중원구 여수울로 51 (여수동, 산들마을)",15,16,1171,031-754-6410,2024-07-05
중원구,은행동,은행주공,성남시 중원구 은행동 550,"경기도 성남시 중원구 산성대로552번길 15 (은행동, 은행주공아파트)",15,23,1900,031-734-4326,2024-07-05
중원구,은행동,은빛마을 두산위브,성남시 중원구 은행동 1740,"경기도 성남시 중원구 은행로 13 (은행동, 두산위브)",15,6,432,031-745-2323,2024-07-05
중원구,은행동,은행동 현대,성남시 중원구 은행동 1932-6,"경기도 성남시 중원구 자혜로17번길 16 (은행동, 현대아파트)",15,14,1258,031-733-0378,2024-07-05
중원구,중앙동,힐스테이트2차,성남시 중원구 중앙동 577,"경기도 성남시 중원구 시민로 66 (중앙동, 중앙동 힐스테이트 2차)",15,15,751,031-734-5666,2024-07-05
중원구,중앙동,힐스테이트1차,성남시 중원구 중앙동 578,"경기도 성남시 중원구 시민로66번길 21 (중앙동, 중앙동힐스테이트1차)",15,7,356,031-731-8044,2024-07-05
중원구,중앙동,롯데캐슬,성남시 중원구 중앙동 710,"경기도 성남시 중원구 희망로 415 (중앙동, 롯데캐슬)",21,9,545,031-736-0600,2024-07-05
중원구,중앙동,신흥역 하늘채 랜더스원 1단지,성남시 중원구 중앙동 3001,경기도 성남시 중원구 광명로 176,24,14,1267,031-749-8880,2024-07-05
중원구,중앙동,신흥역 하늘채 랜더스원 2단지,성남시 중원구 중앙동 3006,경기도 성남시 중원구 광명로 204,27,3,332,031-749-9419,2024-07-05
중원구,중앙동,신흥역 하늘채 랜더스원 3단지,성남시 중원구 중앙동 3007,경기도 성남시 중원구 광명로 206,25,4,400,031-746-3007,2024-07-05
중원구,중앙동,신흥역 하늘채 랜더스원 4단지,성남시 중원구 중앙동 3005,경기도 성남시 중원구 광명로 202,,2,412,031-736-3004,2024-07-05
중원구,하대원동,하대원동 현대,성남시 중원구 하대원동 190,"경기도 성남시 중원구 시민로28번길 6 (하대원동, 현대아파트)",14,3,314,031-754-2320,2024-07-05
중원구,하대원동,아튼빌,성남시 중원구 하대원동 249,"경기도 성남시 중원구 둔촌대로 300 (하대원동, 아튼빌아파트)",23,17,1541,031-603-3707,2024-07-05
중원구,하대원동,자이,성남시 중원구 하대원동 539,"경기도 성남시 중원구 둔촌대로 363 (하대원동, 자이아파트)",22,14,910,031-752-9912,2024-07-05
중원구,하대원동,성원초원,성남시 중원구 하대원동 115-3,"경기도 성남시 중원구 원터로18번길 19 (하대원동, 성원초원아파트)",12,3,281,031-721-7684,2024-07-05
수정구,창곡동,위례자이더시티,성남시 수정구 창곡동 512,경기도 성남시 수정구 위례중앙로 190,10,12,800,031-8039-6012,2024-07-05
수정구,신흥동,산성역 자이푸르지오 1단지,성남시 수정구 신흥동 6961,경기도 성남시 수정구 수정로 260,29,13,1852,031-732-6550,2024-07-05
수정구,신흥동,산성역 자이푸르지오 2단지,성남시 수정구 신흥동 6963,경기도 성남시 수정구 수정로 288,29,10,1270,031-744-5445,2024-07-05
수정구,신흥동,산성역 자이푸르지오 3단지,성남시 수정구 신흥동 6971,경기도 성남시 수정구 희망로 531,29,5,840,031-742-3330,2024-07-05
수정구,신흥동,산성역 자이푸르지오 4단지,성남시 수정구 신흥동 6970,경기도 성남시 수정구 희망로 533,26,3,812,031-749-0121,2024-07-05
분당구,대장동,판교포레나인9단지,성남시 분당구 대장동 625,경기도 성남시 분당구 판교대장로 71,18,4,221,031-711-2971,2024-07-05
중원구,상대원동,성남산단3단지 아파트,성남시 중원구 상대원동 252-1,경기도 성남시 중원구 갈마치로 241,4,1,194,031-732-7775,2024-07-05
분당구,대장동,판교SK뷰테라스,성남시 분당구 대장동 590,경기도 성남시 분당구 판교대장로7길 37,4,16,292,031-712-9942,2024-07-05
분당구,구미동, 까치마을금성백조연립,성남시 분당구 구미동 20,"경기도 성남시 분당구 미금일로90번길 11 (구미동, 까치마을금성백조빌라)",4,6,112,031-714-7997,2024-07-05
분당구,구미동, 까치마을우방우성빌라,성남시 분당구 구미동 75,"경기도 성남시 분당구 금곡로 201 (구미동, 까치마을우방,우성빌라)",3,8,108,031-712-4555,2024-07-05
분당구,구미동, 현대노블리스,성남시 분당구 구미동 82,"경기도 성남시 분당구 금곡로 171 (구미동, 현대노블리스)",4,2,22,031-713-3563,2024-07-05
분당구,구미동, 현대노블리스,성남시 분당구 구미동 83,"경기도 성남시 분당구 금곡로 171 (구미동, 현대노블리스)",4,2,22,031-713-3563,2024-07-05
분당구,구미동, 현대노블리스,성남시 분당구 구미동 84,"경기도 성남시 분당구 금곡로 171 (구미동, 현대노블리스)",4,2,24,031-713-3563,2024-07-05
분당구,구미동, 현대노블리스,성남시 분당구 구미동 85,"경기도 성남시 분당구 금곡로 171 (구미동, 현대노블리스)",4,2,24,031-713-3563,2024-07-05
분당구,구미동, 한양시티빌,성남시 분당구 구미동 116,"경기도 성남시 분당구 미금로 111 (구미동, 한양시티빌)",3,3,30,,2024-07-05
분당구,구미동, 무지개마을동아아파트,성남시 분당구 구미동 240,"경기도 성남시 분당구 구미로144번길 8 (구미동, 무지개마을)",17,3,132,031-715-1939,2024-07-05
분당구,구미동, 빌라트Y,성남시 분당구 구미동 278-1,"경기도 성남시 분당구 구미로174번길 6 (구미동, 빌라드Y)",4,6,36,031-713-7557,2024-07-05
분당구,금곡동,삼라마이다스빌,성남시 분당구 금곡동 208,"경기도 성남시 분당구 정자일로 21 (금곡동, 삼라마이다스빌)",16,1,74,031-717-4392,2024-07-05
분당구,대장동,힐스테이트 판교 엘포레 3단지,성남시 분당구 대장동 144,"경기도 성남시 분당구 판교대장로 117 (대장동, 힐스테이트판교엘포레3단지)",20,4,121,031-711-7392,2024-07-05
분당구,분당동, 샛별마을현대빌라,성남시 분당구 분당동 41,"경기도 성남시 분당구 불정로 308 (분당동, 샛별마을현대빌라)",3,8,66,031-702-2637,2024-07-05
분당구,분당동, 분당풍림아이원,성남시 분당구 분당동 92,"경기도 성남시 분당구 장안로51번길 6 (분당동, 분당풍림아이원)",3,3,35,,2024-07-05
분당구,분당동, 장안타운건영빌라,성남시 분당구 분당동 113,"경기도 성남시 분당구 서현로 471 (분당동, 장안타운건영빌라)",4,7,144,031-602-4413,2024-07-05
분당구,삼평동,판교푸르지오월드마크,성남시 분당구 삼평동 741,경기도 성남시 분당구 대왕판교로606번길 58 (삼평동),13,1,142,031-8017-1303,2024-07-05
분당구,서현동, 백산오페라하우스,성남시 분당구 서현동 320,"경기도 성남시 분당구 불정로406번길 14 (서현동, 백산오페라하우스)",4,2,42,031-703-9389,2024-07-05
분당구,서현동, 효자촌정도빌라,성남시 분당구 서현동 322,"경기도 성남시 분당구 불정로406번길 7 (서현동, 효자촌정도빌라)",4,7,144,031-708-0883,2024-07-05
분당구,서현동, 효자촌대명연립,성남시 분당구 서현동 323,"경기도 성남시 분당구 분당로263번길 67 (서현동, 효자촌대명연립)",4,6,144,031-701-5048,2024-07-05
분당구,서현동, 서현포스파크,"성남시 분당구 서현동 145,146-1","경기도 성남시 분당구 새마을로83번길 9 (서현동, 서현포스파크)",4,7,128,031-707-7893,2024-07-05
분당구,야탑동, 목련마을대진빌라,성남시 분당구 야탑동 158,"경기도 성남시 분당구 판교로 654 (야탑동, 목련마을대진빌라)",4,5,75,031-701-6189,2024-07-05
분당구,야탑동, 목련마을성환빌라,성남시 분당구 야탑동 176,"경기도 성남시 분당구 야탑로231번길 38 (야탑동, 목련마을성환빌라)",4,7,136,031-707-1423,2024-07-05
분당구,야탑동, 목련마을두원빌라,성남시 분당구 야탑동 182,"경기도 성남시 분당구 야탑로231번길 35 (야탑동, 목련마을두원빌리지)",4,7,124,031-704-1861,2024-07-05
분당구,야탑동, 목련마을미원빌라,성남시 분당구 야탑동 183,"경기도 성남시 분당구 야탑로231번길 45 (야탑동, 목련마을미원빌라)",4,4,108,031-703-4131 ,2024-07-05
분당구,야탑동, 매화마을청구빌라,성남시 분당구 야탑동 217,"경기도 성남시 분당구 벌말로50번길 9 (야탑동, 매화마을청구빌라)",4,7,136,031-708-0771,2024-07-05
분당구,야탑동, 매화마을대창,성남시 분당구 야탑동 267,"경기도 성남시 분당구 벌말로30번길 11 (야탑동, 매화마을대창파크빌)",4,6,112,031-708-1603,2024-07-05
분당구,야탑동, 매화마을화성빌리지,성남시 분당구 야탑동 270,"경기도 성남시 분당구 벌말로50번길 14 (야탑동, 매화마을화성빌리지)",4,7,116,031-707-1207,2024-07-05
분당구,야탑동, 중일빌라,성남시 분당구 야탑동 408,"경기도 성남시 분당구 판교로610번길 9 (야탑동, 중일빌라)",4,2,38,031-705-7415,2024-07-05
분당구,야탑동, 탑마을동아연립주택,성남시 분당구 야탑동 512,"경기도 성남시 분당구 성남대로 884-4 (야탑동, 탑마을동아연립주택)",4,6,115,031-701-2235,2024-07-05
분당구,야탑동, 진흥더블파크아파트,성남시 분당구 야탑동 519,"경기도 성남시 분당구 야탑로 162 (야탑동, 진흥더블파크)",15,2,142,031-707-0127,2024-07-05
분당구,운중동, 푸르지오하임,성남시 분당구 운중동 307,"경기도 성남시 분당구 하오개로 377 (운중동, 운중동 푸르지오하임)",4,11,144,031-8017-2732,2024-07-05
분당구,운중동,산운마을3단지 월든힐스,성남시 분당구 운중동 873,"경기도 성남시 분당구 산운로 55 (운중동, 산운마을판교월든힐스3단지아파트)",4,9,102,031-8017-8081,2024-07-05
분당구,운중동,산운마을2단지 월든힐스,성남시 분당구 운중동 874,"경기도 성남시 분당구 산운로 37 (운중동, 산운마을판교월든힐스2단지아파트)",4,9,100,031-8017-9905,2024-07-05
분당구,운중동,산운마을1단지  월드힐스,성남시 분당구 운중동 875,"경기도 성남시 분당구 산운로 7 (운중동, 산운마을)",4,8,98,031-8017-5512,2024-07-05
분당구,운중동, 판교금강펜테리움레전드,성남시 분당구 운중동 926,"경기도 성남시 분당구 판교원로 101 (운중동, 금강 펜테리움 레전드)",5,3,32,031-702-2290,2024-07-05
분당구,운중동,판교 동양파크타운,성남시 분당구 운중동 326-1 외5,"경기도 성남시 분당구 하오개로363번길 12 (운중동, 판교 동양파크타운)",4,1,20,,2024-07-05
분당구,운중동, 르씨트빌모트,성남시 분당구 운중동 379-4,"경기도 성남시 분당구 하오개로351번길 9 (운중동, 르씨트빌모트)",4,5,36,031-701-2350,2024-07-05
분당구,운중동 ,판교 파크하임 에비뉴,성남시 분당구 운중동  357-1 외4,"경기도 성남시 분당구 하오개로357번길 17 (운중동, 판교 파크하임 에비뉴)",4,7,49,,2024-07-05
분당구,율동,프라임힐즈,성남시 분당구 율동 272,"경기도 성남시 분당구 새마을로165번길 19 (율동, 프라임힐즈)",4,4,34,,2024-07-05
분당구,이매동,이매포스파크,성남시 분당구 이매동 296,"경기도 성남시 분당구 이매로123번길 12 (이매동, 이매포스파크)",4,7,144,031-781-2894,2024-07-05
분당구,이매동,베스티아6차 연립,성남시 분당구 이매동 334-1,"경기도 성남시 분당구 이매로 166 (이매동, 베스티아6차)",4,5,24,,2024-07-05
분당구,정자동,"동양정자파라곤 1단지(101, 102동)",성남시 분당구 정자동 14-3,"경기도 성남시 분당구 정자일로 210 (정자동, 동양정자파라곤)",17,1,16,031-717-0253,2024-07-05
분당구,정자동,"동양정자파라곤 2단지(103, 104동)",성남시 분당구 정자동 14-1,"경기도 성남시 분당구 정자일로 220 (정자동, 동양정자파라곤)",17,1,112,031-717-0253,2024-07-05
분당구,정자동,"동양정자파라곤 3단지(105, 106동)",성남시 분당구 정자동 13-1,"경기도 성남시 분당구 정자일로 230 (정자동, 동양정자파라곤)",17,1,120,031-717-0253,2024-07-05
분당구,정자동,성원 상떼뷰리젠시 (201동),성남시 분당구 정자동 12-2,"경기도 성남시 분당구 정자일로213번길 18 (정자동, 성원상떼뷰리젠시)",16,1,33,031-712-4856,2024-07-05
분당구,정자동,"성원 상떼뷰리젠시 (101, 102동)",성남시 분당구 정자동 12-3,"경기도 성남시 분당구 정자일로213번길 10 (정자동, 성원상떼뷰리젠시)",17,1,53,031-712-4856,2024-07-05
분당구,판교동, 판교원마을 4단지,성남시 분당구 판교동 631,"경기도 성남시 분당구 판교원로 186 (판교동, 판교원마을 아파트)",3,6,48,031-8016-7014,2024-07-05
수정구,단대동,희망아파트(통보 5차),성남시 수정구 단대동 127,"경기도 성남시 수정구 희망로506번길 13 (단대동, 희망아파트)",5,1,72,031-743-3962,2024-07-05
수정구,단대동,단대동 행복주택,성남시 수정구 단대동 130,"경기도 성남시 수정구 단대로23번길 26 (단대동, 단대동 행복주택)",7,1,60,031-710-3892,2024-07-05
수정구,단대동,선경단대아파트,성남시 수정구 단대동 188,"경기도 성남시 수정구 산성대로383번길 28 (단대동, 선경단대아파트)",5,1,60,031-733-5364,2024-07-05
수정구,단대동,훼밀리웰빙아파트,"성남시 수정구 단대동 185-13,-20","경기도 성남시 수정구 희망로 486 (단대동, 훼밀리웰빙아파트)",12,1,49,,2024-07-05
수정구,단대동,낙원아파트,"성남시 수정구 단대동 3, 3-2","경기도 성남시 수정구 수정로466번길 24 (단대동, 낙원아파트)",10,1,45,031-749-1025,2024-07-05
수정구,복정동,서울국제학교 교사주택,성남시 수정구 복정동 657-3,"경기도 성남시 수정구 성남대로1480번길 21-12 (복정동, 서울국제학교 교사주택)",4,4,55,031-750-1332,2024-07-05
수정구,수진동,MD아파트,성남시 수정구 수진동 2220,"경기도 성남시 수정구 산성대로 183 (수진동, MD아파트)",11,1,63,,2024-07-05
수정구,수진동,수진동 낙원스카이뷰,성남시 수정구 수진동 2934,경기도 성남시 수정구 수정로 94 (수진동),15,1,39,,2024-07-05
수정구,수진동,우리빌,성남시 수정구 수진동 2965,"경기도 성남시 수정구 수정로 80 (수진동, 우리빌)",14,1,84,,2024-07-05
수정구,수진동,와이엠프라젠1,성남시 수정구 수진동 3016,"경기도 성남시 수정구 성남대로 1210 (수진동, 와이엠프라젠1)",14,1,72,,2024-07-05
수정구,수진동,현대아파트,성남시 수정구 수진동 3379,"경기도 성남시 수정구 제일로147번길 4 (수진동, 현대아파트)",13,1,107,031-754-7523,2024-07-05
수정구,수진동,성남 밀란체3,성남시 수정구 수진동 3991,경기도 성남시 수정구 성남대로1194번길 3 (수진동),15,1,52,,2024-07-05
수정구,수진동,밀란체2,성남시 수정구 수진동 4002,"경기도 성남시 수정구 산성대로93번길 25 (수진동, 밀란체2)",14,1,96,,2024-07-05
수정구,수진동,세일띠아모아아파트,성남시 수정구 수진동 4539,"경기도 성남시 수정구 수정로 58 (수진동, 세일띠아모아파트)",13,1,30,,2024-07-05
수정구,수진동,밀란체1,성남시 수정구 수진동 4557,"경기도 성남시 수정구 성남대로 1215 (수진동, 밀란체1)",15,1,45,,2024-07-05
수정구,수진동,세븐빌,성남시 수정구 수진동 4569,"경기도 성남시 수정구 수정로56번길 18 (수진동, 세븐빌)",7,1,26,,2024-07-05
수정구,수진동,산호아파트,성남시 수정구 수진동 4660,"경기도 성남시 수정구 모란로 69 (수진동, 산호아파트)",14,1,78,031-753-0813,2024-07-05
수정구,수진동,동명빌라,성남시 수정구 수진동 4781,"경기도 성남시 수정구 모란로 23 (수진동, 동명빌라)",4,3,66,031-751-7665,2024-07-05
수정구,수진동,"수진동,모란아이하우스",성남시 수정구 수진동 4809,경기도 성남시 수정구 모란로 12 (수진동),13,1,149,031-751-8449,2024-07-05
수정구,시흥동,코오롱린든그로브,성남시 수정구 시흥동 320,"경기도 성남시 수정구 대왕판교로 801 (시흥동, KOLON LINDEN GROVE)",4,3,52,031-756-0855,2024-07-05
수정구,신흥동,신흥동 미래타운2차아파트,성남시 수정구 신흥동 65,"경기도 성남시 수정구 수정로 265 (신흥동, 신흥동 미래타운)",13,1,48,,2024-07-05
수정구,신흥동,예일 위-플러스아파트,성남시 수정구 신흥동 72,"경기도 성남시 수정구 수정로 263 (신흥동, 예일 위-플러스아파트)",14,1,49,,2024-07-05
수정구,신흥동,삼부르네상스 파크 I,성남시 수정구 신흥동 179,"경기도 성남시 수정구 수정로 312 (신흥동, 삼부르네상스 파크 I)",15,1,108,031-731-9084,2024-07-05
수정구,신흥동,신흥동 세일띠아모아파트,성남시 수정구 신흥동 950,"경기도 성남시 수정구 수정로 282 (신흥동, 세일띠아모아파트)",15,1,52,,2024-07-05
수정구,신흥동,삼부르네상스파크Ⅱ,성남시 수정구 신흥동 2476,"경기도 성남시 수정구 산성대로 305 (신흥동, 삼부르네상스파크Ⅱ)",20,1,134,031-731-3844,2024-07-05
수정구,신흥동,신흥센트리움,성남시 수정구 신흥동 3765,"경기도 성남시 수정구 수정남로144번길 10 (신흥동, 신흥센트리움)",13,1,24,,2024-07-05
수정구,신흥동,샤르망,성남시 수정구 신흥동 5180,"경기도 성남시 수정구 시민로 165 (신흥동, 샤르망)",15,1,117,,2024-07-05
수정구,신흥동,미래타운,성남시 수정구 신흥동 5542-3,"경기도 성남시 수정구 탄리로 62 (신흥동, 미래타운)",12,1,24,,2024-07-05
수정구,신흥동,셀레스빌,성남시 수정구 신흥동 125-2,"경기도 성남시 수정구 수정로 316 (신흥동, 우찬셀레스빌)",15,1,117,,2024-07-05
수정구,양지동,굿모닝 파크빌,성남시 수정구 양지동 6,"경기도 성남시 수정구 산성대로 601 (양지동, 굿모닝파크빌)",13,1,35,,2024-07-05
수정구,양지동,주원파크빌아파트,성남시 수정구 양지동 93,"경기도 성남시 수정구 수정로 566 (양지동, 주원파크빌아파트)",15,1,88,031-744-2134,2024-07-05
수정구,양지동,주원파크빌아파트(동양연립재건축),성남시 수정구 양지동 94,"경기도 성남시 수정구 수정로 568 (양지동, 주원파크빌아파트)",15,1,62,,2024-07-05
수정구,양지동,양우내안에아파트,성남시 수정구 양지동 1021,"경기도 성남시 수정구 논골로 24 (양지동, 양우내안애아파트)",15,2,67,031-742-4569,2024-07-05
수정구,양지동,성남통보3차양지아파트,성남시 수정구 양지동 743-1,"경기도 성남시 수정구 논골로 34 (양지동, 통보아파트)",6,1,78,031-732-1310,2024-07-05
수정구,양지동 ,연홍채 ,성남시 수정구 양지동  222,"경기도 성남시 수정구 산성대로539번길 3-5 (양지동, 연홍채)",10,1,27,,2024-07-05
수정구,창곡동,위례 보미리즌빌,성남시 수정구 창곡동 507,"경기도 성남시 수정구 위례광장로 82 (창곡동, 위례 보미리즌빌)",15,4,131,,2024-07-05
수정구,창곡동,위례 아트리버 푸르지오 2단지,성남시 수정구 창곡동 529,"경기도 성남시 수정구 위례순환로 130 (창곡동, 위례 아트리버 푸르지오)",14,4,90,031-751-2124,2024-07-05
수정구,창곡동,위례 아트리버 푸르지오 1단지,성남시 수정구 창곡동 530,"경기도 성남시 수정구 위례광장로 70 (창곡동, 위례 아트리버 푸르지오 1단지)",15,4,124,031-751-2124,2024-07-05
수정구,태평동,삼오아트빌,성남시 수정구 태평동 3505,"경기도 성남시 수정구 수정로135번길 4 (태평동, 삼오아트빌)",12,1,28,,2024-07-05
수정구,태평동,태평동 낙원스카이뷰,성남시 수정구 태평동 3659,"경기도 성남시 수정구 수정로 131 (태평동, 낙원스카이뷰)",15,1,72,,2024-07-05
수정구,태평동,낙원스카이뷰2,성남시 수정구 태평동 6146,"경기도 성남시 수정구 성남대로 1254 (태평동, 낙원스카이뷰2)",15,1,52,,2024-07-05
수정구,태평동,동인트루빌2,성남시 수정구 태평동 6455,"경기도 성남시 수정구 수정로 81 (태평동, 동인트루빌)",14,1,72,031-721-0237,2024-07-05
수정구,태평동,삼능스페이스향,성남시 수정구 태평동 6513,"경기도 성남시 수정구 성남대로 1238 (태평동, 삼능스페이스향)",15,1,64,,2024-07-05
수정구,태평동,태평맨션,성남시 수정구 태평동 7113,"경기도 성남시 수정구 모란로 123 (태평동, 태평연립주택)",3,2,30,,2024-07-05
수정구,태평동,태평아파트,성남시 수정구 태평동 7330,"경기도 성남시 수정구 시민로 192 (태평동, 태평아파트)",5,3,80,031-751-3658,2024-07-05
수정구,태평동,크란츠 힐,성남시 수정구 태평동 7337,"경기도 성남시 수정구 수정북로 120 (태평동, 크란츠힐)",9,1,63,,2024-07-05
수정구,태평동,가천대역동부센트레빌2단지,성남시 수정구 태평동 7344,경기도 성남시 수정구 제일로 244 (태평동),14,4,115,031-758-5506,2024-07-05
수정구,태평동,센트럴아파트,성남시 수정구 태평동 7345,"경기도 성남시 수정구 수정로25번길 21 (태평동, 센트럴아파트)",6,1,38,,2024-07-05
수정구,태평동, 통보아파트2차,성남시 수정구 태평동 2991-2,"경기도 성남시 수정구 남문로 85 (태평동, 통보아파트2차)",5,1,45,,2024-07-05
수정구,태평동,주민태평동락커뮤니티,성남시 수정구 태평동 7288-11,"경기도 성남시 수정구 수정북로 92 (태평동, 태평동락커뮤니티)",12,1,78,,2024-07-05
중원구,금광동,현대아파트,성남시 중원구 금광동 2627,"경기도 성남시 중원구 광명로395번길 7 (금광동, 현대아파트)",13,2,124,031-745-0725,2024-07-05
중원구,금광동,금광시장,성남시 중원구 금광동 4622,경기도 성남시 중원구 산성대로426번길 5 (금광동),5,2,42,,2024-07-05
중원구,도촌동,동분당 KCC스위첸파티오 1단지,성남시 중원구 도촌동 639,"경기도 성남시 중원구 도촌남로 70-16 (도촌동, 동분당 KCC스위첸파티오 1단지)",3,17,153,031-752-0215,2024-07-05
중원구,도촌동,동분당 KCC스위첸파티오 2단지,성남시 중원구 도촌동 705,"경기도 성남시 중원구 도촌남로 88 (도촌동, 동분당 KCC스위첸파티오)",3,11,50,031-759-8801,2024-07-05
중원구,상대원동, 궁전아파트,성남시 중원구 상대원동 179,"경기도 성남시 중원구 순환로 188 (상대원동, 궁전아파트)",5,7,268,031-742-1449,2024-07-05
중원구,상대원동,월드뷰 아파트,성남시 중원구 상대원동 5026,"경기도 성남시 중원구 희망로 323 (상대원동, 월드뷰 아파트)",13,1,33,,2024-07-05
중원구,상대원동,현성아름빌아파트,성남시 중원구 상대원동 2993-3,"경기도 성남시 중원구 금상로 39 (상대원동, 현성아름빌아파트)",11,1,40,031-747-6377,2024-07-05
중원구,성남동,동부주택 브리앙뜨2,성남시 중원구 성남동 2163,"경기도 성남시 중원구 광명로 115 (성남동, 동부주택브리앙뜨)",15,1,84,,2024-07-05
중원구,성남동,나래주상복합아파트,성남시 중원구 성남동 2258,경기도 성남시 중원구 광명로 77 (성남동),10,1,24,,2024-07-05
중원구,성남동,동부주택 브리앙뜨,성남시 중원구 성남동 2292,"경기도 성남시 중원구 광명로 55 (성남동, 동부주택브리앙뜨)",15,1,36,,2024-07-05
중원구,성남동,성남동 S.N블르버드,성남시 중원구 성남동 2334,"경기도 성남시 중원구 광명로 86-4 (성남동, S.N블르버드)",12,1,39,,2024-07-05
중원구,성남동,신동아 파밀리에,성남시 중원구 성남동 2396,"경기도 성남시 중원구 광명로100번길 4 (성남동, 신동아파밀리에)",14,1,87,031-759-6007,2024-07-05
중원구,성남동,성남동 세종그랑시아,성남시 중원구 성남동 2487,"경기도 성남시 중원구 광명로100번길 5 (성남동, 세종그랑시아)",13,1,62,,2024-07-05
중원구,성남동,성남동 그린빌아파트,성남시 중원구 성남동 2493,"경기도 성남시 중원구 광명로 108 (성남동, 그린빌아파트)",13,1,37,031-757-4624,2024-07-05
중원구,성남동,중앙아파트,성남시 중원구 성남동 2992,"경기도 성남시 중원구 원터로93번길 19 (성남동, 중앙아파트)",6,1,36,,2024-07-05
중원구,성남동,수산리치빌,성남시 중원구 성남동 3141,"경기도 성남시 중원구 산성대로 132 (성남동, 수산리치빌)",13,1,22,031-755-6890,2024-07-05
중원구,성남동,쉐르진아파트,성남시 중원구 성남동 3264,"경기도 성남시 중원구 광명로 28 (성남동, 쉐르진아파트)",14,1,36,,2024-07-05
중원구,성남동,부남프라자,성남시 중원구 성남동 3279,"경기도 성남시 중원구 제일로73번길 20 (성남동, 부남프라자)",13,1,34,031-721-3279,2024-07-05
중원구,성남동,양지참빛아파트,성남시 중원구 성남동 3283,"경기도 성남시 중원구 광명로 38 (성남동, 양지참빛아파트)",14,1,40,031-722-1127,2024-07-05
중원구,성남동,크란츠빌2,성남시 중원구 성남동 3287,"경기도 성남시 중원구 제일로73번길 16 (성남동, 크란츠빌Ⅱ)",15,1,85,031-752-5868,2024-07-05
중원구,성남동,우원아파트(우원파크빌),성남시 중원구 성남동 3300,"경기도 성남시 중원구 제일로 73 (성남동, 우원아파트)",11,1,30,,2024-07-05
중원구,성남동,성남동 렉스아파트,성남시 중원구 성남동 3301,"경기도 성남시 중원구 제일로 69 (성남동, 렉스아파트)",13,1,44,,2024-07-05
중원구,성남동,금오아파트,성남시 중원구 성남동 3747,"경기도 성남시 중원구 광명로42번길 23 (성남동, 금오아파트)",12,1,90,031-758-6697,2024-07-05
중원구,성남동,띠아모아파트,성남시 중원구 성남동 3753,"경기도 성남시 중원구 제일로63번길 5 (성남동, 띠아모아파트)",10,1,21,,2024-07-05
중원구,성남동,예건체리쉬,성남시 중원구 성남동 3754,"경기도 성남시 중원구 제일로 63 (성남동, 예건체리쉬)",10,1,27,,2024-07-05
중원구,성남동,SR HIGHONE 하이원,성남시 중원구 성남동 3755,"경기도 성남시 중원구 제일로 59 (성남동, 하이원)",12,1,44,031-722-4624,2024-07-05
중원구,성남동,대동다숲아파트,성남시 중원구 성남동 3757,"경기도 성남시 중원구 제일로 55 (성남동, 대동다숲아파트)",14,1,62,031-721-8149,2024-07-05
중원구,성남동,한빛스위트아파트,성남시 중원구 성남동 4031,"경기도 성남시 중원구 성남대로1130번길 26 (성남동, 한빛스위티아파트)",12,1,123,031-721-5611,2024-07-05
중원구,성남동,로그인한진아파트,성남시 중원구 성남동 4859,"경기도 성남시 중원구 성남대로1139번길 11 (성남동, 로그인 한진아파트)",6,1,48,,2024-07-05
중원구,성남동,프레젠티아,성남시 중원구 성남동 4949,"경기도 성남시 중원구 산성대로80번길 8 (성남동, 프레젠티아)",6,1,71,,2024-07-05
중원구,은행동,은행동 주공 2차,성남시 중원구 은행동 550,"경기도 성남시 중원구 산성대로552번길 15 (은행동, 은행주공아파트)",5,3,110,,2024-07-05
중원구,중앙동,성남중동3휴먼시아,성남시 중원구 중앙동 711,"경기도 성남시 중원구 희망로 413 (중앙동, 휴먼시아아파트)",16,2,127,031-731-6357,2024-07-05
중원구,중앙동,제일연립,성남시 중원구 중앙동 6-5,"경기도 성남시 중원구 산성대로360번길 9 (중앙동, 연립주택)",3,1,42,,2024-07-05
중원구,하대원동,비제이 위채아파트,성남시 중원구 하대원동 111,"경기도 성남시 중원구 제일로 22 (하대원동, 비제이 위채아파트)",4,1,48,,2024-07-05
중원구,하대원동,초이스탑,성남시 중원구 하대원동 332,경기도 성남시 중원구 마지로134번길 24 (하대원동),15,1,60,,2024-07-05
중원구,하대원동,와이엠프라젠,성남시 중원구 하대원동 100-3,"경기도 성남시 중원구 성남대로 1108 (하대원동, 와이엠프라젠)",15,1,52,,2024-07-05
중원구,하대원동,주원파크빌,성남시 중원구 하대원동 105-2,"경기도 성남시 중원구 둔촌대로 154 (하대원동, 주원파크빌)",15,1,70,031-751-5641,2024-07-05
중원구,하대원동,금오베스트샵,성남시 중원구 하대원동 105-7,"경기도 성남시 중원구 마지로 49 (하대원동, 금오베스트샵아파트)",10,1,29,,2024-07-05
중원구,하대원동, 제일아파트,성남시 중원구 하대원동 111-7,"경기도 성남시 중원구 둔촌대로190번길 2 (하대원동, 제일아파트)",6,2,132,031-755-4631,2024-07-05
중원구,하대원동, 상일아파트,성남시 중원구 하대원동 137-5,"경기도 성남시 중원구 시민로6번길 5 (하대원동, 상일아파트)",5,1,40,031-755-1532,2024-07-05
중원구,하대원동, 태연스카이빌,성남시 중원구 하대원동 143-1,"경기도 성남시 중원구 둔촌대로 274 (하대원동, 태연스카이빌)",17,1,120,031-753-4450,2024-07-05
중원구,하대원동, 대원아파트,성남시 중원구 하대원동 155-2,"경기도 성남시 중원구 둔촌대로280번길 12 (하대원동, 대원아파트)",6,1,96,,2024-07-05
중원구,하대원동,이안 모란 센트럴파크 아파트,성남시 중원구 하대원동 147-5,경기도 성남시 중원구 마지로 133,13,3,74,031-751-8005,2024-07-05
수정구,고등동,판교밸리자이 1단지,성남시 수정구 고등동 582,경기도 성남시 수정구 대왕판교로 995,14,3,130,,2024-07-05
수정구,고등동,판교밸리자이 2단지,성남시 수정구 고등동 585,경기도 성남시 수정구 대왕판교로 981,14,3,130,,2024-07-05
수정구,고등동,판교밸리자이 3단지,성남시 수정구 고등동 601,경기도 성남시 수정구 대왕판교로 961,14,2,90,,2024-07-05
중원구,금광동,중앙하이츠금광프리미엄 아파트,성남시 중원구 금광동 4863,경기도 성남시 중원구 광명로 359,15,1,41,,2024-07-05
